0,1,2,3,4,5,6,7,8,9,10,11,12,13,14,15,16,17,18,19,20,21,22,23,24,25,26,27,28,29,30,31,32
0.0,0.0,0.0,0.507180992821457,0.38038574461609276,0.38038574461609276,1.2679524820536425,2.3002826504932927,0.6900847951479878,0.7904065842903488,0.8675194217820902,1.1566925623761202,0.8783296803434513,0.4993071184124894,0.7578119706102875,0.9847028086884032,0.9649395512110988,1.1270191721662397,0.0,0.0,0.0,0.0,0.0,0.0,0.0,0.38038574461609276,0.38038574461609265,0.3803857446160927,0.7607714892321855,1.2679524820536425,0.9509643615402319,1.3313501061563244,0.38038574461609276
0.0,0.0,0.0,0.507180992821457,0.38038574461609276,0.38038574461609276,1.2679524820536425,2.3002826504932927,0.6900847951479878,0.7904065842903488,0.8675194217820902,1.1566925623761202,1.1566925623761202,2.3133851247522403,0.7518501655444781,0.12189142453621138,0.5986261135276376,0.018924435998153605,0.0,0.0,0.0,0.0,0.0,0.0,0.0,0.38038574461609276,0.38038574461609265,0.3803857446160927,0.7607714892321855,1.2679524820536425,0.9509643615402319,1.3313501061563244,0.38038574461609276
0.0,0.0,0.0,0.507180992821457,0.38038574461609276,0.38038574461609276,1.2679524820536425,2.3002826504932927,0.6900847951479878,0.6870097526415623,0.8109823988359639,1.0613696094834615,0.9899871834076133,0.4952429049715252,0.6824194195550344,0.859012196848893,0.900815882804958,0.9981310408887847,0.0,0.0,1.911631531768951,1.9116315317689505,0.0,0.0,0.0,0.38038574461609276,0.38038574461609265,0.3803857446160927,0.7607714892321855,1.2679524820536425,0.9509643615402319,1.3313501061563244,0.38038574461609276
0.0,0.0,0.0,0.507180992821457,0.38038574461609276,0.38038574461609276,1.2679524820536425,2.3002826504932927,0.6900847951479878,0.6411998912455349,0.8179239757399096,1.0114391419895665,1.0707563962897177,0.9126296007260062,0.6503670828167674,0.7990442395346824,0.8628574248183237,0.718752636277286,0.0,0.0,0.0,0.0,0.0,0.0,0.8920947148255101,0.38038574461609276,0.38038574461609265,0.3803857446160927,0.7607714892321855,1.2679524820536425,0.9509643615402319,1.3313501061563244,0.38038574461609276
0.0,0.0,0.0,0.5071809928214641,0.3803857446160981,0.380385744616098,1.2679524820536603,3.9480700705976624,1.2744210211793001,0.6173644112778716,0.8728507902070528,1.146838562583855,1.1049698104032883,0.8363392752418177,0.7156324207353706,0.9911092499170475,0.9918261736584548,1.3362707589435237,0.0,0.0,0.0,0.0,0.0,0.0,0.0,0.3803857446160981,0.38038574461609465,0.3803857446160961,0.9524290125977121,1.5873816876628537,1.19053626574714,1.6667507720459962,0.47621450629885614
0.0,0.0,0.0,0.507180992821457,0.38038574461609276,0.38038574461609276,1.2679524820536425,4.248070070597667,1.2744210211793001,0.5259178819587166,0.8509815534826917,1.1994972607213326,1.0874754235117388,1.0542799288455005,0.7670980971664059,1.049150767963099,0.8995730112392979,0.8792275280794908,0.0,0.0,0.0,0.0,0.0,0.0,0.0,0.38038574461609276,0.38038574461609265,0.3803857446160927,0.7607714892321855,1.2679524820536425,0.9509643615402319,1.6667507720459962,0.47621450629885614
0.0,0.0,0.0,0.507180992821457,0.38038574461609276,0.38038574461609276,1.2679524820536425,2.3002826504934064,0.6900847951479878,0.471557943351125,0.5175635963609909,0.6900847951479878,1.1566925623761202,2.3133851247522403,0.7518501655444781,0.15261551459834483,0.3191213819622066,0.2677050775015648,0.0,0.0,0.0,0.0,0.0,0.0,0.0,0.38038574461609276,0.38038574461609265,0.3803857446160927,0.7607714892321855,1.2679524820536425,0.9509643615402319,1.3313501061563244,0.38038574461609276
0.0,0.0,0.0,0.507180992821457,0.38038574461609276,0.38038574461609276,1.2679524820536425,2.3002826504932927,0.6900847951479878,0.471557943351125,0.5175635963609909,0.6900847951479878,1.0545894023697437,0.5766461653811463,0.7518501655444781,1.0098784389451783,0.8160739818642984,0.46131366688439035,0.0,0.0,1.911631531768951,1.9116315317689505,0.0,0.0,0.0,0.38038574461609276,0.38038574461609265,0.3803857446160927,0.7607714892321855,1.2679524820536425,0.9509643615402319,1.3313501061563244,0.38038574461609276
0.0,0.0,0.0,0.507180992821457,0.38038574461609276,0.38038574461609276,1.2679524820536425,2.3002826504932927,0.6900847951479878,0.471557943351125,0.5175635963609909,0.6900847951479878,1.0545894023697437,0.5766461653811463,0.7518501655444781,1.0098784389451783,0.8160739818642984,0.46131366688439035,0.0,0.0,0.0,0.0,0.0,0.0,0.8920947148255101,0.38038574461609276,0.38038574461609265,0.3803857446160927,0.7607714892321855,1.2679524820536425,0.9509643615402319,1.3313501061563244,0.38038574461609276
0.0,0.0,0.0,0.507180992821457,0.38038574461609276,0.38038574461609276,1.2679524820536425,4.048070070597664,1.2744210211793001,0.870854364472522,0.9558157658844755,1.2744210211793008,0.9758165444262454,1.000168600183984,0.6867284820016664,0.7780743335535034,0.7863562055052489,1.1849661357613246,0.0,0.0,0.0,0.0,0.0,0.0,0.0,0.38038574461609276,0.38038574461609265,0.3803857446160927,0.9524290125977121,1.5873816876628537,1.19053626574714,1.6667507720459962,0.47621450629885614
0.0,0.0,0.0,0.507180992821457,0.38038574461609276,0.38038574461609276,1.2679524820536425,3.9480700705976624,1.2744210211793001,0.870854364472522,0.9558157658844755,1.2744210211793008,0.9763947716155956,0.9054441723517825,0.6517185688197333,0.8643863431372439,0.8743196511687961,1.2398467943388225,0.0,0.0,0.0,0.0,0.0,0.0,0.0,0.38038574461609276,0.38038574461609265,0.3803857446160927,0.7607714892321855,1.2679524820536425,0.9509643615402319,1.6667507720459962,0.47621450629885614
0.0,0.0,0.0,0.507180992821457,0.38038574461609276,0.38038574461609276,1.2679524820536425,2.3002826504932927,0.6900847951479878,0.471557943351125,0.5175635963609909,0.6900847951479878,0.6900847951479878,1.3801695902959756,0.4485551168461921,0.3199328459174271,0.1824063216833579,0.42126161038402526,0.0,0.0,1.3768395851737474,1.3768395851737476,0.0,0.0,0.0,0.38038574461609276,0.38038574461609265,0.3803857446160927,0.7607714892321855,1.2679524820536425,0.9509643615402319,1.3313501061563244,0.38038574461609276
0.0,0.0,0.0,0.507180992821457,0.38038574461609276,0.38038574461609276,1.2679524820536425,2.3002826504932927,0.6900847951479878,0.471557943351125,0.5175635963609909,0.6900847951479878,0.6900847951479878,1.3801695902959756,0.4485551168461921,0.241380900769809,0.10617123646135262,0.27984023101994177,0.0,0.0,0.0,0.0,0.0,0.0,0.8920947148255101,0.38038574461609276,0.38038574461609265,0.3803857446160927,0.7607714892321855,1.2679524820536425,0.9509643615402319,1.3313501061563244,0.38038574461609276
0.0,0.0,0.0,0.507180992821457,0.38038574461609276,0.38038574461609276,1.2679524820536425,4.24807007059778,1.2744210211793001,0.870854364472522,0.9558157658844755,1.2744210211793008,1.2744210211793006,2.5488420423587144,0.8283736637665453,0.1954912597340853,0.08711454397321883,0.4568361703546985,0.0,0.0,0.0,0.0,0.0,0.0,0.0,0.38038574461609276,0.38038574461609265,0.3803857446160927,0.9524290125977121,1.5873816876628537,1.19053626574714,1.6667507720459962,0.47621450629885614
0.0,0.0,0.0,0.507180992821457,0.38038574461609276,0.38038574461609276,1.2679524820536425,2.3002826504932927,0.6900847951479878,0.471557943351125,0.5175635963609909,0.6900847951479878,0.6900847951479878,1.3801695902959756,0.4485551168461921,0.2827189928882615,0.13348941684544122,0.5073923682511077,0.0,0.0,0.0,0.0,0.0,0.0,0.0,0.38038574461609276,0.38038574461609265,0.3803857446160927,0.7607714892321855,1.2679524820536425,0.9509643615402319,3.2126256987387443,0.9178930567824984
0.0,0.0,0.0,0.507180992821457,0.38038574461609276,0.38038574461609276,1.2679524820536425,1.3002826504930656,0.6900847951477889,0.471557943351125,0.5007078121404205,0.5333213196047689,0.46752614934635917,0.678506387938529,0.38012620353804216,0.6401527723133864,0.6900847951479878,0.8513292367879904,0.0,0.0,1.7350388435641801,1.7350388435641801,0.0,0.0,0.8920947148255101,0.38038574461609276,0.38038574461609265,0.3803857446160927,0.7607714892321855,1.2679524820536425,0.9509643615402319,1.3313501061563244,0.38038574461609276
0.0,0.0,0.0,0.507180992821457,0.38038574461609276,0.38038574461609276,1.2679524820536425,2.950169677521813,1.238421021179215,0.8388543644725561,0.8845999372712601,1.1176575456360818,0.9466619997477213,1.3076210024350863,0.6922191589895035,1.1334718379520923,1.1482954245139438,1.5777205750259344,0.0,0.0,1.735039680555652,1.7350380065727082,0.0,0.0,0.0,0.38038574461609276,0.38038574461609265,0.3803857446160927,0.9524290125977121,1.5873816876628537,1.19053626574714,1.6667507720459962,0.4762145062988593
0.0,0.0,0.0,0.507180992821457,0.38038574461609276,0.38038574461609276,1.2679524820536425,1.878650600933826,0.6900847951477889,0.4350824446762232,0.47285613405390686,0.530747227315577,0.37038175261864503,0.4016263297379665,0.38012620353804216,0.6053381747052442,0.6900847951479878,0.748701607934256,0.0,0.0,2.2477002003598776,2.247698980825868,0.0,0.0,0.0,0.38038574461609276,0.38038574461609265,0.380385744616264,0.7607714892321855,1.2679524820536425,0.9509643615402319,3.2126256987387443,0.9178930567824984
0.0,0.0,0.0,0.507180992821457,0.38038574461609276,0.38038574461609276,1.2679524820536425,1.572043241999112,0.6900847951477747,0.471557943351125,0.471527413200499,0.4985067219966277,0.4675261493463593,0.5448638415229327,0.38012620353804216,0.5995697903599351,0.6565447285590206,0.8513292367880366,0.0,0.0,0.0,0.0,0.0,0.0,1.0489264756100274,0.38038574461609276,0.38038574461609265,0.3803857446160927,1.8357861135649967,3.0596435226083285,2.2947326419562453,3.2126256987387443,0.9178930567825024
0.0,0.0,0.0,0.507180992821457,0.38038574461609276,0.38038574461609276,1.2679524820536425,1.6842850667809184,0.6900847951477747,0.471557943351125,0.5007078121404205,0.5013783990438478,0.36348242110654694,0.5448638415229256,0.320466230478865,0.6401527723133615,0.6900847951479878,0.796615988775691,0.0,0.0,0.0,0.0,0.0,0.0,1.0489264756100274,0.38038574461609276,0.38038574461609265,0.3803857446160927,0.7607714892321855,1.2679524820536425,0.9509643615402319,3.2126256987387443,0.9178930567824984
0.0,0.0,0.0,0.507180992821457,0.38038574461609276,0.38038574461609276,1.2679524820536425,3.5660569605836465,1.0863376847526207,0.8343788657976201,0.9129599816639035,1.096857216031828,0.9256464771689554,1.2074434086575025,0.6438966534775405,1.1994619637435986,1.120310197317139,1.2423431355508523,0.0,0.0,0.0,0.0,0.0,0.0,0.0,0.38038574461609276,0.38038574461609265,0.3803857446160927,0.9524290125977121,1.5873816876628537,1.19053626574714,3.6284239683164596,1.0366925623761376
0.0,0.0,0.0,0.507180992821457,0.38038574461609276,0.38038574461609276,1.2679524820536425,1.2679524820536425,0.38038574461609276,0.471557943351125,0.5175635963609909,0.6900847951479878,1.1566925623761202,2.3133851247522403,0.7518501655444781,0.19146453413704595,0.29317187024429664,0.2548055696808874,0.0,0.0,0.0,0.0,0.0,0.0,0.0,0.38038574461609276,0.38038574461609265,0.3803857446160927,0.7607714892321855,1.2679524820536425,0.9509643615402319,1.3313501061563244,0.38038574461609276
0.0,0.0,0.0,0.507180992821457,0.38038574461609276,0.38038574461609276,1.2679524820536425,1.2679524820536425,0.38038574461609276,0.870854364472522,0.9558157658844755,1.2744210211793008,1.019407879694637,0.7912441085095316,0.7887738285686714,0.9519499858952196,1.0481819912847388,0.612552507479174,0.0,0.0,0.7143217594482841,0.7143217594482841,0.0,0.0,0.0,0.38038574461609276,0.38038574461609265,0.3803857446160927,0.7607714892321855,1.2679524820536425,0.9509643615402319,1.3313501061563244,0.38038574461609276
0.0,0.0,0.0,0.507180992821457,0.38038574461609276,0.38038574461609276,1.2679524820536425,1.2679524820536425,0.38038574461609276,0.471557943351125,0.5175635963609909,0.6900847951479878,0.9290382487548513,0.6821644448691482,0.7162367313873816,0.8992919781450763,0.919872224531763,0.5237481933010161,0.0,0.0,0.0,0.0,0.0,0.0,0.8920947148255101,0.38038574461609276,0.38038574461609265,0.3803857446160927,0.7607714892321855,1.2679524820536425,0.9509643615402319,1.3313501061563244,0.38038574461609276
0.0,0.0,0.0,0.507180992821457,0.38038574461609276,0.38038574461609276,1.2679524820536425,1.2679524820536425,0.38038574461609276,0.8493400036746408,0.9382256870467002,1.2744210211793008,0.9537168790413391,0.6972083410660764,0.6954973702183243,0.9080692289560768,0.9795398438833942,1.017183077902416,0.0,0.0,0.0,0.0,0.0,0.0,0.0,0.38038574461609276,0.38038574461609265,0.3803857446160927,0.9524290125977121,1.5873816876628537,1.19053626574714,1.6667507720459962,0.47621450629885614
0.0,0.0,0.0,0.507180992821457,0.38038574461609276,0.38038574461609276,1.2679524820536425,1.2679524820536425,0.38038574461609276,0.870854364472522,0.9558157658844755,1.2744210211793008,0.8117723345855701,0.7162401629090465,0.6963215181839091,1.0126531564802703,0.9245116957544766,1.0506114335187196,0.0,0.0,0.0,0.0,0.0,0.0,0.0,0.38038574461609276,0.38038574461609265,0.3803857446160927,0.7607714892321855,1.2679524820536425,0.9509643615402319,1.6667507720459962,0.4762145062989264
0.0,0.0,0.0,0.507180992821457,0.38038574461609276,0.38038574461609276,1.2679524820536425,1.2679524820536425,0.38038574461609276,0.471557943351125,0.5175635963609909,0.6900847951479878,0.6900847951479878,1.3801695902959756,0.4485551168461921,0.5022722724134433,0.09020388509876359,0.33112462047260416,0.0,0.0,1.3768395851737474,1.3768395851737476,0.0,0.0,0.0,0.38038574461609276,0.38038574461609265,0.3803857446160927,0.7607714892321855,1.2679524820536425,0.9509643615402319,1.3313501061563244,0.38038574461609276
0.0,0.0,0.0,0.507180992821457,0.38038574461609276,0.38038574461609276,1.2679524820536425,1.2679524820536425,0.38038574461609276,0.471557943351125,0.5175635963609909,0.6900847951479878,0.6900847951479878,1.3801695902959756,0.4485551168461921,0.2500073836177665,0.08057941495245095,0.2968055696808859,0.0,0.0,0.0,0.0,0.0,0.0,0.8920947148255101,0.38038574461609276,0.38038574461609265,0.3803857446160927,0.7607714892321855,1.2679524820536425,0.9509643615402319,1.3313501061563244,0.38038574461609276
0.0,0.0,0.0,0.507180992821457,0.38038574461609276,0.38038574461609276,1.2679524820536425,1.2679524820536425,0.38038574461609276,0.870854364472522,0.9558157658844755,1.2744210211793008,1.2705659292018963,2.5488420423586007,0.8283736637665453,0.19517210315721706,0.11595144925653028,0.43217351362588674,0.0,0.0,0.0,0.0,0.0,0.0,0.0,0.38038574461609276,0.38038574461609265,0.3803857446160927,0.9524290125977121,1.5873816876628537,1.19053626574714,1.6667507720459962,0.47621450629885614
0.0,0.0,0.0,0.507180992821457,0.38038574461609276,0.38038574461609276,1.2679524820536425,1.2679524820536425,0.38038574461609276,0.471557943351125,0.5175635963609909,0.6900847951479878,0.6900847951479878,1.3801695902959756,0.4485551168461921,0.4733747698708875,0.16561908252726287,0.28460692558665945,0.0,0.0,0.0,0.0,0.0,0.0,0.0,0.38038574461609276,0.38038574461609265,0.3803857446160927,0.7607714892321855,1.2679524820536425,0.9509643615402319,3.2126256987387443,0.9178930567824984
0.0,0.0,0.0,0.507180992821457,0.38038574461609276,0.38038574461609276,1.2679524820536425,1.2679524820536425,0.38038574461609276,0.33751186278375656,0.5175635963609767,0.6900847951479168,0.6894797337926056,0.2655743205624058,0.4485551168461921,0.47899699718647054,0.4259160548449583,0.3596301426429367,0.0,0.0,1.7350388435641801,1.7350388435641801,0.0,0.0,0.8920947148255101,0.38038574461609276,0.38038574461609265,0.3803857446160927,0.7607714892321855,1.2679524820536425,0.9509643615402319,1.3313501061563244,0.38038574461609276
0.0,0.0,0.0,0.507180992821457,0.38038574461609276,0.38038574461609276,1.2679524820536425,1.2679524820536425,0.38038574461609276,0.491466176590713,0.878799324645319,1.0806364527230055,1.0656458591609415,0.6524380804264419,0.7848458755895031,1.0669406211258496,0.9668836985086295,1.3255453641979267,0.0,0.0,1.7350388435641801,1.7350388435641801,0.0,0.0,0.0,0.38038574461609276,0.38038574461609265,0.3803857446160927,0.9524290125977121,1.5873816876628537,1.19053626574714,1.6667507720459962,0.47621450629885614
0.0,0.0,0.0,0.507180992821457,0.38038574461609276,0.38038574461609276,1.2679524820536425,1.2679524820536425,0.38038574461609276,0.27231038661695633,0.4607501271277479,0.6261989540260746,0.6227222156235425,0.2271006926143458,0.41820934231331697,0.5737283493062704,0.49781288463107964,0.5144796679089055,0.0,0.0,2.2477005078390664,2.247698673346764,0.0,0.0,0.0,0.38038574461609276,0.38038574461609265,0.3803857446160927,0.7607714892321855,1.2679524820536425,0.9509643615402319,3.212625698738744,0.9178930567824983
0.0,0.0,0.0,0.5071808683684751,0.38038574461609276,0.38038574461609276,1.2679524820536425,1.2679524820536425,0.38038574461609276,0.6219082749969445,0.7930755936959334,1.2744210211792155,1.0343212861988844,0.6352987307637684,0.8283736637665879,1.0140595663180045,1.0652824964552754,1.0464608195936815,0.0,0.0,0.0,0.0,0.0,0.0,0.8096847936632839,0.38038574461609276,0.38038574461609265,0.3803857446160927,0.9524290125977121,1.5873816876628537,1.19053626574714,1.6667507720459962,0.47621450629885614
0.0,0.0,0.0,0.507180992821457,0.38038574461609276,0.38038574461609276,1.2679524820536425,1.2679524820536425,0.38038574461609276,0.2291171950975932,0.47333649204320527,0.6581418745869957,0.5744769486854745,0.3362398539051801,0.4388977806628849,0.5169144383736468,0.49510982168706186,0.491078215126198,0.0,0.0,0.0,0.0,0.0,0.0,1.0489264756100274,0.38038574461609276,0.38038574461609265,0.3803857446160927,0.7607714892321855,1.2679524820536425,0.9509643615402319,3.2126256987387443,0.9178930567824984
0.0,0.0,0.0,0.507180992821457,0.38038574461609276,0.38038574461609276,1.2679524820536425,1.2679524820536425,0.38038574461609276,0.6228687113514026,0.8808435949598956,1.1635307018650358,1.1163030094946396,0.5810507063478253,0.801474923352163,1.0786549964273406,1.0321493333223588,1.0363254758476341,0.0,0.0,0.0,0.0,0.0,0.0,0.0,0.38038574461609276,0.38038574461609265,0.3803857446160927,0.9524290125977121,1.5873816876628537,1.19053626574714,3.6284239683164206,1.03669256237612
0.0,0.0,0.0,0.507180992821457,0.38038574461609276,0.38038574461609276,1.2679524820536425,1.2679524820536425,0.38038574461609276,0.2599302588209967,0.28528930846206957,0.38038574461609276,0.6900847951479878,1.3801695902959756,0.4485551168461921,0.5581831447140646,0.0769541625527998,0.2884634707179445,0.0,0.0,1.3768395851737474,1.3768395851737476,0.0,0.0,0.0,0.3803857446158796,0.38038574461609265,0.3803857446160927,0.7607714892321855,1.2679524820536425,0.9509643615402317,1.3313501061563244,0.38038574461609276
0.0,0.0,0.0,0.507180992821457,0.38038574461609276,0.38038574461609276,1.2679524820536425,1.2679524820536425,0.38038574461609276,0.2599302588209967,0.28528930846206957,0.38038574461609276,0.6900847951479878,1.3801695902959756,0.4485551168461921,0.2519583948866701,0.15371018395479996,0.22172378940963341,0.0,0.0,0.0,0.0,0.0,0.0,0.8920947148255101,0.3803857446158796,0.38038574461609265,0.3803857446160927,0.7607714892321855,1.2679524820536425,0.9509643615402317,1.3313501061563244,0.38038574461609276
0.0,0.0,0.0,0.507180992821457,0.38038574461609276,0.38038574461609276,1.2679524820536425,1.2679524820536425,0.38038574461609276,0.2599302588209967,0.28528930846206957,0.38038574461609276,1.2744210211793006,2.5430939993838453,0.8283736637665453,0.3676456243921914,0.11026418912899139,0.267280203515806,0.0,0.0,0.0,0.0,0.0,0.0,0.0,0.38038574461609276,0.38038574461609265,0.3803857446160927,0.9524290125977121,1.5873816876628537,1.19053626574714,1.6667507720459962,0.47621450629885614
0.0,0.0,0.0,0.5071809928215281,0.3803857446160217,0.38038574461609276,1.2679524820536425,1.2679524820536425,0.38038574461609276,0.2599302588209967,0.28528930846206957,0.38038574461609276,0.6900847951479878,1.3801695902959756,0.4485551168461921,0.7291722135820422,0.05165469964441549,0.1427738647583454,0.0,0.0,0.0,0.0,0.0,0.0,0.0,0.38038574461609276,0.38038574461609265,0.3803857446160927,0.7607714892321855,1.2679524820536425,0.9509643615402319,3.2126256987387443,0.9178930567824984
0.0,0.0,0.0,0.507180992821457,0.38038574461609276,0.38038574461609276,1.2679524820536425,1.2679524820536425,0.38038574461609276,0.2599302588209967,0.28528930846206957,0.38038574461609276,0.5879816351416115,0.3022667344681397,0.4485551168461921,0.5388062090313697,0.49722534092507464,0.15927124889571947,0.0,0.0,1.7350388435641801,1.7350388435641801,0.0,0.0,0.8920947148255101,0.3803857446158796,0.38038574461609265,0.3803857446160927,0.7607714892321855,1.2679524820536425,0.9509643615402317,1.3313501061563244,0.38038574461609276
0.0,0.0,0.0,0.507180992821457,0.38038574461609276,0.38038574461609276,1.2679524820536425,1.2679524820536425,0.38038574461609276,0.2599302588209967,0.28528930846206957,0.38038574461609276,0.5626715491772549,0.6619074778963966,0.6851664919046634,0.9996615255702319,0.9757042451394511,1.326999011744041,0.0,0.0,1.7350388435641801,1.7350388435641801,0.0,0.0,0.0,0.38038574461609276,0.38038574461609265,0.3803857446160927,0.9524290125977121,1.5873816876628537,1.19053626574714,1.6667507720459962,0.47621450629885614
0.0,0.0,0.0,0.5071809928215281,0.3803857446160217,0.38038574461609276,1.2679524820536425,1.2679524820536425,0.38038574461609276,0.2599302588209967,0.28528930846206957,0.38038574461609276,0.7646102791615332,1.1910255944383061,0.7283233137476204,0.9646951726710224,0.8488162892425455,0.7146396521710119,0.0,0.0,1.7350392987234886,1.7350383884048726,0.0,0.0,0.0,0.38038574461609276,0.38038574461609265,0.3803857446160927,0.7607714892321855,1.2679524820536425,0.9509643615402319,1.6667507720459962,0.47621450629886936
0.0,0.0,0.0,0.507180992821457,0.38038574461609276,0.38038574461609276,1.2679524820536425,1.2679524820536425,0.38038574461609276,0.2599302588209967,0.28528930846206957,0.38038574461609276,0.8225863726459224,0.7039655010500774,0.7489006144281984,1.003203324118971,0.914990095169451,1.0184643940181286,0.0,0.0,0.0,0.0,7.074016327573984e-08,1.6427831317500363e-14,0.8096847936633029,0.38038574461609276,0.38038574461609265,0.3803857446160927,0.9524290125977121,1.5873816876628537,1.19053626574714,1.6667507720459962,0.47621450629885614
0.0,0.0,0.0,0.5071809928215281,0.3803857446160217,0.38038574461609276,1.2679524820536425,1.2679524820536425,0.38038574461609276,0.2599302588209967,0.28528930846206957,0.38038574461609276,0.30959069220620206,0.39463473501748536,0.341521074443049,0.43916321349291254,0.5640925397343561,0.4851040304141547,0.0,0.0,0.0,0.0,0.0,0.0,1.0489264756100274,0.38038574461609276,0.38038574461609265,0.3803857446160927,0.7607714892321855,1.2679524820536425,0.9509643615402319,3.2126256987387443,0.9178930567824984
0.0,0.0,0.0,0.507180992821457,0.38038574461609276,0.38038574461609276,1.2679524820536425,1.2679524820536425,0.38038574461609276,0.2599302588209967,0.28528930846206957,0.38038574461609276,0.9045868690938232,1.2372634532725826,0.787266213893857,0.8021090978938588,0.8767788505793621,1.1261446983082366,0.0,0.0,0.0,0.0,0.0,0.0,0.0,0.38038574461609276,0.38038574461609265,0.3803857446160927,0.9524290125977121,1.5873816876628537,1.19053626574714,3.2126256987387443,0.9178930567824984
0.0,0.0,0.0,0.5071809928215991,0.3803857446160217,0.3803857446160217,1.2679524820536425,1.2679524820536425,0.38038574461609276,0.2599302588209967,0.28528930846206957,0.38038574461609276,0.38038574461609265,0.7607714892321853,0.24725073400046027,0.19714788763760357,0.34314415267952947,0.19914993374513595,0.0,0.0,0.7143217594482841,0.7143217594482841,0.0,0.0,0.725684793663284,0.38038574461609276,0.38038574461609265,0.3803857446160927,0.7607714892321855,1.2679524820536425,0.9509643615402319,1.3313501061563244,0.38038574461609276
0.0,0.0,0.0,0.507180992821457,0.38038574461609276,0.38038574461609276,1.2679524820536425,1.2679524820536425,0.38038574461609276,0.2599302588209967,0.28528930846206957,0.38038574461609276,0.38038574461609265,0.7607714892321853,0.24725073400046027,0.4670462411010421,0.08921039181334967,0.18318534114788548,0.0,0.0,1.7350385358656033,1.7350391512627574,0.0,0.0,0.0,0.38038574461609276,0.38038574461609265,0.3803857446160927,0.9524290125977121,1.5873816876628537,1.19053626574714,1.6667507720459962,0.47621450629885614
0.0,0.0,0.0,0.5071808342532125,0.3803857446161638,0.38038574461606434,1.2679524820529178,1.2679524820536425,0.38038574461609276,0.2599302588209967,0.28528930846206957,0.38038574461609276,0.38038574461609265,0.7607714892321853,0.24725073400046027,0.33677345368094486,0.14847369939945454,0.2541948209818706,0.0,0.0,1.7350393574558605,1.7350383296724998,0.0,0.0,0.0,0.38038574461609276,0.38038574461609265,0.38038574461603586,0.7607714892321855,1.2679524820536425,0.9509643615402319,1.6667507720459962,0.47621450629888196
0.0,0.0,0.0,0.507180992821457,0.38038574461609276,0.38038574461609276,1.2679524820536425,1.2679524820536425,0.38038574461609276,0.2599302588209967,0.28528930846206957,0.38038574461609276,0.38038574461609265,0.7607714892321853,0.24725073400046027,0.40394532485318563,0.2183280035558778,0.11716864565321379,0.0,0.0,0.0,0.0,0.0,0.0,0.8096847936632839,0.38038574461609276,0.38038574461609265,0.3803857446160927,0.9524289741156319,1.5873816876628537,1.19053626574714,1.6667507720459962,0.47621450629885614
0.0,0.0,0.0,0.507180992821457,0.3803857446161638,0.38038574461606434,1.2679524820529178,1.2679524820536425,0.38038574461609276,0.2599302588209967,0.28528930846206957,0.38038574461609276,0.38038574461609265,0.7607714892321853,0.24725073400046027,0.40155890376890924,0.15983023153956802,0.17805283875379269,0.0,0.0,0.0,0.0,0.0,0.0,0.8096847936632839,0.38038574461609276,0.38038574461609265,0.38038574461603586,0.7607714892321855,1.2679524820536425,0.9509643615402319,1.6667507720459962,0.47621446379121174
0.0,0.0,0.0,0.507180992821457,0.38038574461609276,0.38038574461609276,1.2679524820536425,1.2679524820536425,0.38038574461609276,0.2599302588209967,0.28528930846206957,0.38038574461609276,0.38038574461609265,0.7607714892321853,0.24725073400046027,0.4631418708752915,0.18648678242408767,0.19220997609631396,0.0,0.0,0.0,0.0,0.0,0.0,0.0,0.38038574461609276,0.38038574461609265,0.3803857446160927,0.9524290125977121,1.5873816876628537,1.19053626574714,3.2126256987387443,0.9178930567824984
0.0,0.0,0.0,0.5071809928215991,0.3803857446160217,0.38038574461595065,1.1082963487419,0.8276086153651987,0.38038574461609276,0.16948323212602023,0.28528930846206957,0.2694327670425357,0.38038574461609265,0.3097433689415515,0.24725073400046027,0.24725073400046027,0.2659488797910007,0.5705786169241391,0.0,0.0,1.911631531768951,1.9116315317689505,0.0,0.0,0.8096847936632839,0.38038574461607855,0.38038574461609265,0.3803857446160927,0.9524290125977121,1.5873816876628537,1.19053626574714,1.6667507720459962,0.47621450629885614
0.0,0.0,0.0,0.5071809928215991,0.3803857446160217,0.3803857446160217,0.8276086153651987,1.208296348742825,0.38038574461609276,0.25993025882099663,0.28528930846206957,0.38038574461609265,0.38038574461609265,0.7607714892325406,0.24725073400046024,0.38038574461629865,0.3803857446161354,0.5705786169241391,0.0,0.0,1.911631531768951,1.9116315317689505,0.0,0.0,0.8096847936632839,0.3803857446158654,0.38038574461605,0.38038574461609265,0.7607714892321855,0.8955889606688312,0.32332788292367876,1.6667507720459962,0.47621450629885614
0.0,0.0,0.0,0.5071809928215991,0.3803857446160217,0.38038574461595065,1.1082963487419,0.8276086153651987,0.38038574461609276,0.16948323212602023,0.28528930846206957,0.2694327670425357,0.38038574461609265,0.3097433689415515,0.24725073400046027,0.24725073400046027,0.2659488797910007,0.5705786169241391,0.0,0.0,2.0840872411975626,2.084087241197562,0.0,0.0,0.0,0.38038574461607855,0.38038574461609265,0.3803857446160927,0.9524290125977121,1.5873816876628537,1.19053626574714,3.2126256987387443,0.9178930567824984
0.0,0.0,0.0,0.5071809928215991,0.3803857446160217,0.38038574461595065,1.1082963487419,0.8276086153651987,0.38038574461609276,0.16948323212602023,0.28528930846206957,0.2694327670425357,0.38038574461609265,0.3097433689415515,0.24725073400046027,0.24725073400046027,0.2659488797910007,0.5705786169241391,0.0,0.0,0.0,0.0,0.0,0.0,0.9725740458921955,0.38038574461607855,0.38038574461609265,0.3803857446160927,0.9524290125977121,1.5873816876628537,1.19053626574714,3.2126256987387443,0.9178930567824984
0.0,0.0,0.0,0.0,0.0,0.0,0.0,1.2679524820536425,0.38038574461609276,0.4715579433511534,0.5175635963610051,0.690084795147931,1.1566925623761202,2.3133851247521835,0.7518501655442934,0.11884265479893398,0.1874446994216994,0.43315461984159653,0.0,0.0,0.0,0.0,0.0,0.0,0.0,0.0,0.0,0.0,0.0,0.0,0.0,0.0,0.0
0.0,0.0,0.0,0.0,0.0,0.0,0.0,1.2679524820536425,0.38038574461609276,0.8708543644725504,0.9558157658844897,1.274421021179244,1.172317861172924,0.7075754452255211,0.8283736637665453,0.8336602747072455,1.0727004155314315,0.5974826410283026,0.0,0.0,0.7143217594482841,0.7143217594482841,0.0,0.0,0.0,0.0,0.0,0.0,0.0,0.0,0.0,0.0,0.0
0.0,0.0,0.0,0.0,0.0,0.0,0.0,1.2679524820536425,0.38038574461609276,0.4715579433511534,0.5175635963610051,0.690084795147931,1.0545894023697437,0.7075754452255211,0.751850165544478,0.7335218947418404,0.9549719567282511,0.467842956379401,0.0,0.0,0.0,0.0,0.0,0.0,0.8920947148255101,0.0,0.0,0.0,0.0,0.0,0.0,0.0,0.0
0.0,0.0,0.0,0.0,0.0,0.0,0.0,1.2679524820536425,0.38038574461609276,0.870854364472522,0.9558157658844755,1.2744210211793008,0.8953323760087959,0.4286377137045064,0.7406590303399201,1.005836009821228,0.9282789127513149,1.213366258806185,0.0,0.0,0.0,0.0,0.0,0.0,0.0,0.0,0.0,0.0,0.9524290125977121,1.5873816876628537,1.19053626574714,1.6667507720459962,0.47621450629885614
0.0,0.0,0.0,0.0,0.0,0.0,0.0,1.2679524820536425,0.38038574461609276,0.8493400036746408,0.9558157658844755,1.2744210211793008,0.9209237493227774,0.9533673537751463,0.7223894248257317,0.9206365175899479,0.9420752076728969,0.7742324090433591,0.0,0.0,0.0,0.0,0.0,0.0,0.0,0.0,0.0,0.0,0.0,0.0,0.0,1.6667507720459962,0.47621450629885614
0.0,0.0,0.0,0.0,0.0,0.0,0.0,1.2679524820536425,0.38038574461609276,0.471557943351125,0.5175635963609909,0.6900847951479878,0.6900847951479878,1.3801695902959756,0.4485551168461921,0.43996258175148806,0.1463600091309215,0.3372781871024022,0.0,0.0,1.3768395851737474,1.3768395851737476,0.0,0.0,0.0,0.0,0.0,0.0,0.0,0.0,0.0,0.0,0.0
0.0,0.0,0.0,0.0,0.0,0.0,0.0,1.2679524820536425,0.38038574461609276,0.4715579433511534,0.5175635963610051,0.6900847951479878,0.6900847951479878,1.3801695902959188,0.44855511684600735,0.21330040476737835,0.25148547866850623,0.16260648481521875,0.0,0.0,0.0,0.0,0.0,0.0,0.8920947148255101,0.0,0.0,0.0,0.0,0.0,0.0,0.0,0.0
0.0,0.0,0.0,0.0,0.0,0.0,0.0,1.2679524820536425,0.38038574461609276,0.8454157217145276,0.9558157658844755,1.2744210211793008,1.2744210211793006,2.4723877341192355,0.8283736637665453,0.23205261697609803,0.11682398000846,0.49245832807503154,0.0,0.0,0.0,0.0,0.0,0.0,0.0,0.0,0.0,0.0,0.9524290125977121,1.5873816876628537,1.19053626574714,1.6667507720459962,0.47621450629885614
0.0,0.0,0.0,0.0,0.0,0.0,0.0,1.2679524820536425,0.38038574461609276,0.471557943351125,0.5175635963609909,0.6900847951479878,0.6900847951479878,1.3801695902959756,0.4485551168461921,0.5200821644383563,0.04264860493515129,0.3608700086113025,0.0,0.0,0.0,0.0,0.0,0.0,0.0,0.0,0.0,0.0,0.0,0.0,0.0,3.2126256987387443,0.9178930567824984
0.0,0.0,0.0,0.0,0.0,0.0,0.0,1.2679524820536425,0.38038574461609276,0.3076742281396544,0.46708242982915643,0.6187946988648586,0.6136481864342637,0.3395087133556299,0.3817975986771289,0.5555395432308198,0.5020103855033432,0.4272568361332512,0.0,0.0,1.7350388435641801,1.7350379484739986,0.0,0.0,0.8920947148255101,0.0,0.0,0.0,0.0,0.0,0.0,0.0,0.0
0.0,0.0,0.0,0.0,0.0,0.0,0.0,1.2679524820536425,0.3803857446160988,0.6603565367799111,0.8284664484770511,1.0434878783202721,1.0264980606055574,0.6249476725419174,0.7271237769752182,1.045810678917938,1.066965036152533,1.289545364197914,0.0,0.0,1.7350394533472975,1.7350382337810633,0.0,0.0,0.0,0.0,0.0,0.0,0.9524290125977121,1.5873816876628537,1.19053626574714,1.6667507720459962,0.47621450629885614
0.0,0.0,0.0,8.224754211028085e-12,1.4805645598414685e-10,0.0,0.0,1.2679524820536425,0.38038574461609276,0.29808485824798625,0.389846019427337,0.6335584972890508,0.5903859380470226,0.40574850851164174,0.41374051923805,0.47864341125551857,0.4973449134046358,0.5059599547536795,5.551115123125783e-17,0.0,2.2476995905929167,2.2476995905929162,0.0,-1.3490665107512122e-10,0.0,0.0,0.0,0.0,0.0,0.0,6.813993813636898e-15,3.2126256987387443,0.9178930567824984
0.0,0.0,0.0,0.0,0.0,0.0,0.0,1.267952396532917,0.38038574461609276,0.6465684674601007,0.877122965955669,1.2348211859813414,1.0044672372259722,0.5915918669779845,0.7242208784621424,1.044687683853595,1.0461051068244342,1.1436160602270506,0.0,0.0,0.0,0.0,0.0,0.0,0.8096847936632839,0.0,0.0,0.0,0.9524290125977121,1.5873816876628537,1.19053626574714,1.6667507720459962,0.47621450629885614
0.0,0.0,0.0,0.0,0.0,0.0,0.0,1.2679524820536425,0.38038574461609276,0.2659701073441927,0.49145264815485595,0.6510901697758044,0.6885027875314597,0.3501013366046296,0.3564893259073382,0.5423856685250138,0.44006374019167366,0.4272568361332654,0.0,0.0,0.0,0.0,0.0,0.0,1.0489264756100274,0.0,0.0,0.0,0.0,0.0,0.0,3.2126256987387443,0.9178930567824984
0.0,0.0,0.0,0.0,0.0,0.0,0.0,1.2679524820536425,0.38038574461609276,0.7032682173162432,0.9558157658844328,1.2744210211792013,1.2441928648845342,0.27463947679036727,0.8283736637665453,1.0823425100403,0.9491088213678478,1.0010391117388109,0.0,0.0,0.0,0.0,0.0,0.0,0.0,0.0,0.0,0.0,0.9524290125977121,1.5873816876628537,1.19053626574714,3.6284239683164206,1.03669256237612
0.0,0.0,0.0,0.0,0.0,0.0,0.0,1.2679524820536425,0.38038574461609276,0.2599302588209967,0.28528930846206957,0.38038574461609276,0.6900847951479878,1.3801695902959756,0.4485551168461921,0.7251123410438667,0.08390474418553003,0.11458369275540631,0.0,0.0,1.3768395851737474,1.3768395851737476,0.0,0.0,0.0,0.0,0.0,0.0,0.0,0.0,0.0,0.0,0.0
0.0,0.0,0.0,0.0,0.0,0.0,0.0,1.2679524820536425,0.38038574461609276,0.2599302588209967,0.28528930846206957,0.38038574461609276,0.6900847951479878,1.3801695902959756,0.4485551168461921,0.18364749975872716,0.3914649090247673,0.052279959467600404,0.0,0.0,0.0,0.0,0.0,0.0,0.8920947148255101,0.0,0.0,0.0,0.0,0.0,0.0,0.0,0.0
0.0,0.0,0.0,0.0,0.0,0.0,0.0,1.2679524820536425,0.38038574461609276,0.2599302588209967,0.28528930846206957,0.38038574461609276,1.2744210211793006,2.5488420423586007,0.8283736637665453,0.33863806632171195,0.06926715111315736,0.33153675662736204,0.0,0.0,0.0,0.0,0.0,0.0,0.0,0.0,0.0,0.0,0.9524290125977121,1.5873816876628537,1.19053626574714,1.6667507720459962,0.47621450629885614
0.0,0.0,0.0,0.0,0.0,0.0,0.0,1.2679524820536425,0.38038574461609276,0.2599302588209967,0.28528930846206957,0.38038574461609276,0.6900847951479878,1.3801695902959756,0.4485551168461921,0.4952437660997402,0.10056759578196214,0.3277894161031066,0.0,0.0,0.0,0.0,0.0,0.0,0.0,0.0,0.0,0.0,0.0,0.0,0.0,3.2126256987387443,0.9178930567824984
0.0,0.0,0.0,0.0,0.0,0.0,0.0,1.2679524820536425,0.38038574461609276,0.2599302588209967,0.28528930846206957,0.38038574461609276,0.5879816351416115,0.2655743205623916,0.4485551168461921,0.5388062090313697,0.49722534092507464,0.19596366280146754,0.0,0.0,1.7350388435641801,1.7350388435641801,0.0,0.0,0.8920947148255101,0.0,0.0,0.0,0.0,0.0,0.0,0.0,0.0
0.0,0.0,0.0,0.0,0.0,0.0,0.0,1.2679524820536425,0.38038574461609276,0.2599302588209967,0.28528930846206957,0.38038574461609276,0.8025211755886446,0.8371631773033055,0.7092167472737259,0.9383782607807224,0.9484380562999284,0.9763928841856883,0.0,0.0,1.7350398809940144,1.7350378061343459,0.0,0.0,0.0,0.0,0.0,0.0,0.9524290125977121,1.5873816876628537,1.19053626574714,1.6667507720459962,0.47621450629885614
0.0,2.425837308805967e-14,6.233902283270254e-14,5.764833055366125e-14,5.024453075819224e-14,1.4419715421709611e-13,0.0,1.2679524820536425,0.38038574461609276,0.2599302588209967,0.285289308623259,0.38038574461609276,0.7510223800632074,0.9352319833473189,0.6903493316593647,0.7516627411714206,0.8079810403530019,1.2758628198608712,0.0,0.0,1.7350388435641801,1.7350382986562187,0.0,0.0,3.679348492546808e-14,7.349676423018536e-14,0.0,0.0,0.0,0.0,0.0,1.6667507720459962,0.47621450629885614
0.0,0.0,0.0,0.0,0.0,0.0,0.0,1.2679524820536425,0.38038574461609276,0.2599302588209967,0.28528930846206957,0.38038574461609276,0.646216987610283,0.5204190279643565,0.7652105022382047,1.0229994859212346,0.8991206368265598,1.3581436608713853,0.0,0.0,0.0,0.0,0.0,0.0,0.8096847936632839,0.0,0.0,0.0,0.9524290125977121,1.5873816876628537,1.19053626574714,1.6667507720459962,0.47621450629885614
0.0,0.0,0.0,0.0,0.0,0.0,0.0,1.2679524820536425,0.38038574461609276,0.2599302588209967,0.28528930846206957,0.38038574461609276,0.3494838956031974,0.2816491589152771,0.417232396052171,0.5518669631124691,0.41939420371616654,0.51447966790887,0.0,0.0,0.0,0.0,0.0,0.0,1.0489264756100274,0.0,0.0,0.0,0.0,0.0,0.0,3.2126256987387443,0.9178930567824984
0.0,0.0,0.0,0.0,0.0,0.0,0.0,1.2679524820536425,0.38038574461609276,0.2599302588209967,0.28528930846206957,0.38038574461609276,0.8920206178967665,1.1180238656862398,0.7601465578997502,1.102555641132148,0.933239195067775,0.9281633053590639,0.0,0.0,0.0,0.0,0.0,0.0,0.0,0.0,0.0,0.0,0.9524290125977121,1.5873816876628537,1.19053626574714,3.2126256987387443,0.9178930567824984
0.0,0.0,0.0,0.0,0.0,0.0,0.0,1.2679524820536425,0.38038574461609276,0.2599302588209967,0.28528930846206957,0.38038574461609276,0.38038574461609265,0.7607714892321853,0.24725073400046027,0.30249777387217475,0.13271763624015945,0.30422656394994463,0.0,0.0,0.7143217594482841,0.7143217594482841,0.0,0.0,0.725684793663284,0.0,0.0,0.0,0.0,0.0,0.0,0.0,0.0
0.0,0.0,0.0,0.0,0.0,0.0,0.0,1.2679524820536425,0.38038574461609276,0.2599302588209967,0.28528930846206957,0.38038574461609276,0.38038574461609265,0.7607714892321853,0.24725073400046027,0.32530061633767254,0.18918121831089268,0.22496013941370702,0.0,0.0,1.735039573143838,1.7350381139845226,0.0,0.0,0.0,0.0,0.0,0.0,0.9524290125977121,1.5873816876628537,1.19053626574714,1.6667507720459962,0.47621450629885614
0.0,0.0,0.0,0.0,0.0,0.0,0.0,1.2679524820536425,0.38038574461609276,0.2599302588209967,0.28528930846206957,0.38038574461609276,0.38038574461609265,0.7607714892321853,0.24725073400046027,0.32921596594830893,0.14721976493429395,0.26300624317966936,0.0,0.0,1.7350388435641801,1.7350388435641801,0.0,0.0,0.0,0.0,0.0,0.0,0.0,0.0,0.0,1.6667507720459962,0.47621450629885614
0.0,0.0,0.0,0.0,0.0,0.0,0.0,1.2679524820536425,0.38038574461609276,0.2599302588209967,0.28528930846206957,0.38038574461609276,0.38038574461609265,0.7607714892321853,0.24725073400046027,0.4725225498674773,0.05612861154209572,0.21079081265269917,0.0,0.0,0.0,0.0,0.0,0.0,0.8096847936632839,0.0,0.0,0.0,0.9524290125977121,1.5873816876628537,1.19053626574714,1.6667507720459962,0.47621450629885614
0.0,0.0,0.0,0.0,0.0,0.0,0.0,1.2679524820536425,0.38038574461609276,0.2599302588209967,0.28528930846206957,0.38038574461609276,0.38038574461609265,0.7607714892321853,0.24725073400046027,0.3852761781124803,0.19623647156422144,0.15792932438553653,0.0,0.0,0.0,0.0,0.0,0.0,0.8096847936632839,0.0,0.0,0.0,0.0,0.0,0.0,1.6667507720459962,0.4762144843642729
0.0,0.0,0.0,0.0,0.0,0.0,0.0,1.2679524820536425,0.38038574461609276,0.2599302588209967,0.28528930846206957,0.38038574461609276,0.38038574461609265,0.7607714892321853,0.24725073400046027,0.28217439331288396,0.2049959411909097,0.35466829489189106,0.0,0.0,0.0,0.0,0.0,0.0,0.0,0.0,0.0,0.0,0.9524290125977121,1.5873816876628537,1.19053626574714,3.2126256987387443,0.9178930567824984
0.0,0.0,0.0,0.0,0.0,0.0,0.0,1.1679524820537477,0.3803857446158938,0.2599302588209967,0.2684335242414991,0.22362226907287386,0.157827098814464,0.059108286874568094,0.17882182069231028,0.3304537217813419,0.38038574461609276,0.3867806609901476,0.0,0.0,1.911631531768951,1.9116315317689505,0.0,0.0,0.8096847936632839,0.0,0.0,0.0,0.9524290125977121,1.5873816876628537,1.19053626574714,1.6667507720459962,0.47621450629885614
0.0,0.0,0.0,0.0,0.0,0.0,0.0,1.1679524820537477,0.3803857446158938,0.2599302588209967,0.2684335242414991,0.22362226907287386,0.157827098814464,0.059108286874568094,0.17882182069231028,0.3304537217813419,0.38038574461609276,0.3867806609901476,0.0,0.0,1.911631531768951,1.9116315317689505,0.0,0.0,0.8096847936632839,0.0,0.0,0.0,0.0,0.0,0.0,1.6667507720459962,0.47621450629885614
0.0,0.0,0.0,0.0,0.0,0.0,0.0,1.1679524820537477,0.3803857446158938,0.2599302588209967,0.2684335242414991,0.22362226907287386,0.157827098814464,0.059108286874568094,0.17882182069231028,0.3304537217813419,0.38038574461609276,0.3867806609901476,0.0,0.0,2.0840878509645813,2.084086631430543,0.0,0.0,0.0,0.0,0.0,0.0,0.9524290125977121,1.5873816876628537,1.19053626574714,3.2126256987387443,0.9178930567824984
0.0,0.0,0.0,0.0,0.0,0.0,0.0,1.1679524820537477,0.3803857446158938,0.2599302588209967,0.2684335242414991,0.22362226907287386,0.157827098814464,0.059108286874568094,0.17882182069231028,0.3304537217813419,0.38038574461609276,0.3867806609901476,0.0,0.0,0.0,0.0,0.0,0.0,0.9725740458921955,0.0,0.0,0.0,0.9524290125977121,1.5873816876628537,1.19053626574714,3.2126256987387443,0.9178930567824984
0.0,0.0,0.0,0.0,0.0,0.0,0.0,0.0,0.0,0.2599302588209967,0.28528930846206957,0.38038574461609276,0.6900847951479878,1.3801695902959756,0.4485551168461921,0.5055899071688725,0.27865171446175646,0.13935915635417992,0.0,0.0,1.3768395851737474,1.3768395851737476,0.0,0.0,0.0,0.0,0.0,0.0,0.0,0.0,0.0,0.0,0.0
0.0,0.0,0.0,0.0,0.0,0.0,0.0,0.0,0.0,0.2599302588209967,0.28528930846206957,0.38038574461609276,0.6900847951479878,1.3801695902959756,0.4485551168461921,0.08257941495244953,0.49909378131794885,0.04571917198070491,0.0,0.0,0.0,0.0,0.0,0.0,0.8920947148255101,0.0,0.0,0.0,0.0,0.0,0.0,0.0,0.0
0.0,0.0,0.0,0.0,0.0,0.0,0.0,0.0,1.0141858429457695e-08,0.2599302588209967,0.28528930846206957,0.38038574461609276,1.2489823784213132,2.468532642141831,0.8283736637665098,0.37779880649580067,0.16669198648451333,0.30069922405667643,0.0,0.0,0.0,0.0,0.0,0.0,0.0,0.0,-1.4871316022560327e-09,1.5123340357803272e-09,0.9524290125977121,1.5873816876628537,1.19053626574714,1.6667507720459962,0.47621450629885614
0.0,0.0,0.0,0.0,0.0,0.0,-1.3654697115547093e-08,0.0,1.0408340855860843e-16,0.2599302588209967,0.28528930846206957,0.38038574461609276,0.6900847951479878,1.3801695902959756,0.4485551168461921,0.48261537998879933,0.23643017198019442,0.2045552244872561,0.0,0.0,0.0,0.0,0.0,0.0,0.0,0.0,0.0,0.0,0.0,0.0,0.0,3.2126256987387443,0.9178930567824984
0.0,0.0,0.0,0.0,0.0,0.0,0.0,0.0,0.0,0.2599302588209967,0.28528930846206957,0.38038574461609276,0.5879816351416115,0.38379089431131463,0.4485551168461921,0.48313742418722494,0.44155655608093003,0.1890846587408338,0.0,0.0,1.7350388435641801,1.7350388435641801,0.0,0.0,0.8920947148255101,0.0,0.0,0.0,0.0,0.0,0.0,0.0,0.0
0.0,0.0,0.0,0.0,0.0,0.0,0.0,0.0,0.0,0.7904065842903487,0.8675194217820902,1.1566925623761202,0.8327274519885418,0.9265535356365361,0.7316928723080525,0.9344250985471264,0.8170373365897594,0.9696740063620167,0.0,0.0,0.7143217594482841,0.7143217594482927,0.0,0.0,0.0,0.0,0.0,0.0,0.9524290125977121,1.5873816876628537,1.19053626574714,1.6667507720459962,0.47621450629885614
0.0,0.0,0.0,0.0,0.0,0.0,0.0,0.0,0.0,0.7904065842903488,0.8675194217820902,1.1566925623761202,0.7556871162969954,0.9951138684328941,0.6731341494874132,0.9200523339543679,0.9387137500278124,0.929409083232541,0.0,0.0,0.7143217594482841,0.7143217594482841,0.0,0.0,0.0,0.0,0.0,0.0,0.0,0.0,0.0,1.6667507720459962,0.47621450629885614
0.0,0.0,0.0,0.0,0.0,0.0,0.0,0.0,0.0,0.6443166706258742,0.7775194217820901,1.0116666728529313,0.6248903518378486,0.8822377549050647,0.48288104552845507,0.7528740488615222,0.7567127673394414,0.7018716557046402,0.0,0.0,0.0,0.0,0.0,0.0,1.0489264756100274,0.0,0.0,0.0,0.9524290125977121,1.5873816876628537,1.19053626574714,1.6667507720459962,0.47621450629885614
0.0,0.0,0.0,0.0,0.0,0.0,0.0,0.0,0.0,0.2599302588209967,0.28528930846206957,0.38038574461609276,0.3147580832846182,0.42797130624241897,0.34115086168499675,0.5119935359705914,0.48486099460305865,0.45337150352248373,0.0,0.0,0.0,0.0,0.0,0.0,1.0489264756100274,0.0,0.0,0.0,0.0,0.0,0.0,3.2126256987387443,0.9178930567824996
0.0,0.0,0.0,0.0,0.0,0.0,0.0,0.0,0.0,0.7904065842903488,0.8675194217820902,1.1566925623761202,0.7845533129311733,1.2389343092786245,0.7670342771719498,0.8051206544573696,0.9527177095473405,0.663750038045574,0.0,0.0,0.0,0.0,0.0,0.0,0.0,0.0,0.0,0.0,0.9524290125977121,1.5873816876628537,1.19053626574714,1.6667507720459962,0.4762145062988836
0.0,0.0,0.0,0.0,0.0,0.0,0.0,0.0,0.0,0.2599302588209967,0.28528930846206957,0.38038574461609276,0.38038574461609265,0.7607714892321853,0.24725073400046027,0.3819629779818279,0.1217503785994889,0.23572861748093693,0.0,0.0,0.7143217594482841,0.7143217594482841,0.0,0.0,0.725684793663284,0.0,0.0,0.0,0.0,0.0,0.0,0.0,0.0
0.0,0.0,0.0,0.0,0.0,0.0,0.0,0.0,0.0,0.2599302588209967,0.28528930846206957,0.38038574461609276,0.380385744616102,0.7607714892321853,0.24725073400046027,0.2352254086647273,0.28234200338514787,0.22187456201240208,0.0,0.0,1.7350388435641801,1.7350388435641801,0.0,0.0,0.0,0.0,0.0,0.0,0.9524290125977121,1.5873816876628537,1.19053626574714,1.6667507720459962,0.47621450629885614
0.0,0.0,0.0,0.0,0.0,0.0,0.0,0.0,0.0,0.2599302588209967,0.28528930846206957,0.38038574461609276,0.38038574461609265,0.7607714892321853,0.2472507340004635,0.2964174421150991,0.10430378989215239,0.3387207420550102,0.0,0.0,1.7350392735621964,1.7350384135661518,0.0,0.0,0.0,0.0,0.0,0.0,0.0,0.0,0.0,1.6667507720459962,0.4762145062988667
0.0,0.0,0.0,0.0,0.0,0.0,0.0,0.0,0.0,0.2599302588209967,0.2852892714123451,0.38038574461609276,0.38038574461609265,0.7607714892321853,0.24725073400046027,0.4668754862404943,0.038449435626966795,0.23411705219480877,0.0,0.0,0.0,0.0,0.0,0.0,0.8096847936632839,0.0,0.0,0.0,0.9524290125977121,1.5873816876628537,1.19053626574714,1.6667507720459962,0.47621450629885614
0.0,0.0,0.0,0.0,0.0,0.0,0.0,0.0,0.0,0.2599302588209967,0.28528930846206957,0.38038574461609276,0.38038574461609265,0.7607714892321853,0.24725073400046027,0.4120256194926621,0.08593415802446319,0.24148219654512043,0.0,0.0,0.0,0.0,0.0,0.0,0.8096847936632839,0.0,0.0,0.0,0.0,0.0,0.0,1.6667507720459962,0.47621450629885614
0.0,0.0,0.0,0.0,0.0,0.0,0.0,0.0,0.0,0.2599302588209967,0.28528930846206957,0.38038574461609276,0.38038574461609265,0.7607714892321853,0.24725073400046027,0.34443861306389767,0.120772369847171,0.37662764648461244,0.0,0.0,0.0,0.0,0.0,0.0,0.0,0.0,0.0,0.0,0.9524290125977121,1.5873816876628537,1.19053626574714,3.2126256987387443,0.9178930567824984
0.0,0.0,0.0,0.0,0.0,0.0,0.0,0.0,0.0,0.15782709881454926,0.28528930846205536,0.3803857446160217,0.37978068326071046,0.059108286874475724,0.24725073400046027,0.2995877200145429,0.2862027177503711,0.04993109211104152,0.0,0.0,1.911631531768951,1.9116315317689505,0.0,0.0,0.8096847936632839,0.0,0.0,0.0,0.9524290125977121,1.5873816876628537,1.19053626574714,1.6667507720459962,0.47621450629885614
0.0,0.0,0.0,0.0,0.0,0.0,0.0,0.0,0.0,0.15782709881454926,0.28528930846205536,0.3803857446160217,0.37978068326071046,0.059108286874475724,0.24725073400046027,0.2995877200145429,0.2862027177503711,0.04993109211104152,0.0,0.0,1.911631531768951,1.9116315317689505,0.0,0.0,0.8096847936632839,0.0,0.0,0.0,0.0,0.0,0.0,1.6667507720459962,0.47621450629885614
0.0,0.0,0.0,0.0,0.0,0.0,0.0,0.0,0.0,0.15782709881454926,0.28528930846205536,0.3803857446160217,0.37978068326071046,0.059108286874475724,0.24725073400046027,0.2995877200145429,0.2862027177503711,0.04993109211104152,0.0,0.0,2.084087205225161,2.084087241197562,0.0,0.0,0.0,0.0,0.0,0.0,0.9524290125977121,1.5873816876628537,1.19053626574714,3.2126256987387443,0.9178930567824984
0.0,0.0,0.0,0.0,0.0,0.0,0.0,0.0,0.0,0.15782709881454926,0.28528930846205536,0.3803857446160217,0.37978068326071046,0.059108286874475724,0.24725073400046027,0.2995877200145429,0.2862027177503711,0.04993109211104152,0.0,0.0,0.0,0.0,0.0,0.0,0.9725740458921955,0.0,0.0,0.0,0.9524290125977121,1.5873816876628537,1.19053626574714,3.2126256987387443,0.9178930567824984
0.0,0.0,0.0,0.0,0.0,0.0,0.0,0.0,0.0,0.0,0.0,0.0,0.38038574461609265,0.7607714892321853,0.24725073400046027,0.3564637472440057,0.18333696374355365,0.19964126307471797,0.0,0.0,0.7143217594482841,0.7143217594482841,0.0,0.0,0.725684793663284,0.0,0.0,0.0,0.0,0.0,0.0,0.0,0.0
0.0,0.0,0.0,0.0,0.0,0.0,0.0,0.0,0.0,0.0,0.0,0.0,0.38038574461609265,0.7607714892321853,0.24725073400046027,0.2551289567357216,0.1953173563734677,0.2889956609530806,0.0,0.0,1.7350392343854348,1.7350384527429257,0.0,0.0,0.0,0.0,0.0,0.0,0.9524290125977121,1.5873816876628537,1.19053626574714,1.6667507720459962,0.47621450629885614
0.0,0.0,0.0,0.0,0.0,0.0,0.0,0.0,0.0,0.0,0.0,0.0,0.38038574461609265,0.7607714892321853,0.24725073400046027,0.2682735882322286,0.17112911262966085,0.30003927320037377,0.0,0.0,1.7350392343854348,1.7350384527429257,0.0,0.0,0.0,0.0,0.0,0.0,0.0,0.0,0.0,1.6667507720459962,0.47621450629887246
0.0,0.0,0.0,0.0,0.0,0.0,0.0,0.0,0.0,0.0,0.0,0.0,0.38038574461609265,0.7607714892321853,0.24725073400046027,0.4353850458773369,0.12210676041336894,0.18195016777157258,0.0,0.0,0.0,0.0,0.0,0.0,0.8096847936632839,0.0,0.0,0.0,0.9524290125977121,1.5873816876628537,1.19053626574714,1.6667507720459962,0.47621450629885614
0.0,0.0,0.0,0.0,0.0,0.0,0.0,0.0,0.0,0.0,0.0,0.0,0.38038574461609265,0.7607714892321853,0.2472506974146559,0.4835729778333557,0.12921039181334973,0.1266586044155582,0.0,0.0,0.0,0.0,0.0,0.0,0.8096847936632839,0.0,0.0,0.0,0.0,0.0,0.0,1.6667507720459962,0.47621450629885614
0.0,0.0,0.0,0.0,0.0,0.0,0.0,0.0,0.0,0.0,0.0,0.0,0.38038574461609265,0.7607714892321853,0.24725073400046027,0.11884265479893398,0.12189142453621138,0.601104550060555,0.0,0.0,0.0,0.0,0.0,0.0,0.0,0.0,0.0,0.0,0.9524290125977121,1.5873816876628537,1.19053626574714,3.2126256987387443,0.9178930567824984
0.0,0.0,0.0,0.0,0.0,0.0,0.0,0.0,0.0,0.0,0.0,0.0,0.27828258460971633,0.12117198809264682,0.24725073400046027,0.2685558694053721,0.2609607221599014,0.043536175736972424,0.0,0.0,1.911631531768951,1.9116315317689505,0.0,0.0,0.8096847936632839,0.0,0.0,0.0,0.9524290125977121,1.5873816876628537,1.19053626574714,1.6667507720459962,0.47621450629885614
0.0,0.0,0.0,0.0,0.0,0.0,0.0,0.0,0.0,0.0,0.0,0.0,0.27828258460971633,0.12117198809264682,0.24725073400046027,0.2685558694053721,0.2609607221599014,0.043536175736972424,0.0,0.0,1.911631531768951,1.9116315317689505,0.0,0.0,0.8096847936632839,0.0,0.0,0.0,0.0,0.0,0.0,1.6667507720459962,0.47621450629885614
0.0,0.0,0.0,0.0,0.0,0.0,0.0,0.0,0.0,0.0,0.0,0.0,0.27828258460971633,0.12117198809264682,0.24725073400046027,0.2685558694053721,0.2609607221599014,0.043536175736972424,0.0,0.0,2.0840875966993893,2.0840868856957355,0.0,0.0,0.0,0.0,0.0,0.0,0.9524290125977121,1.5873816876628537,1.19053626574714,3.2126256987387443,0.9178930567824984
0.0,0.0,0.0,0.0,0.0,0.0,0.0,0.0,0.0,0.0,0.0,0.0,0.27828258460971633,0.12117198809264682,0.24725073400046027,0.2685558694053721,0.2609607221599014,0.043536175736972424,0.0,0.0,0.0,0.0,0.0,0.0,0.9725740458921955,0.0,0.0,0.0,0.9524290125977121,1.5873816876628537,1.19053626574714,3.2126256987387443,0.9178930567824984
0.0,0.0,0.0,0.0,0.0,0.0,0.0,0.0,0.0,0.0,0.0,0.0,0.0,0.0,0.0,0.25114424361761667,0.15586058723747873,0.10038753739599032,0.0,0.0,1.0351271927219818,1.035127192721982,0.0,0.0,1.0489264756100276,0.0,0.0,0.0,0.9524290125977121,1.5873816876628537,1.19053626574714,1.6667507720459962,0.47621450629885614
0.0,0.0,0.0,0.0,0.0,0.0,0.0,0.0,0.0,0.0,0.0,0.0,0.0,0.0,0.0,0.2693936998448343,0.15100849900152966,0.0869901694047218,0.0,0.0,1.0351271927219818,1.035127192721982,0.0,0.0,1.0489264756100278,0.0,0.0,0.0,0.0,0.0,0.0,1.6667507720459962,0.47621450629885614
0.0,0.0,0.0,0.0,0.0,0.0,0.0,0.0,0.0,0.0,0.0,0.0,0.0,0.0,0.0,0.31775383053588824,0.1301879319560174,0.17945060575917576,0.0,0.0,1.9116320155355089,1.9116310480023926,0.0,0.0,0.0,0.0,0.0,0.0,0.9524290125977121,1.5873816876628537,1.19053626574714,1.6667507720459962,0.47621450629887363
0.0,0.0,0.0,0.0,0.0,0.0,0.0,0.0,0.0,0.0,0.0,0.0,0.0,0.0,0.0,0.2210212980765535,0.19348470198281348,0.09288636819171875,0.0,0.0,0.0,0.0,0.0,0.0,0.9725740458921955,0.0,0.0,0.0,0.9524290125977121,1.5873816876628537,1.19053626574714,1.6667507720459962,0.47621450629885614
0.0,0.0,0.0,0.0,0.0,0.0,0.0,0.0,0.0,0.0,0.0,0.0,0.0,0.0,0.0,0.0,0.0,0.0,0.0,0.0,1.5550388435641942,1.5550388435641802,0.0,0.0,0.9725740458921955,0.0,0.0,0.0,0.9524290125977121,1.5873816876628537,1.19053626574714,1.6667507720459962,0.47621450629885614
